firstname_cor,lastname_cor,firstname_fal,lastname_fal
Benoit,Bach,Bach,Benoit
Hester,Colboc,Colboc,Hester
Claire,Le Pendu,Le Pendu,Claire
Wladimir,Mauhin,Mauhin,Wladimir
Florian,Bailly,Bailly,Florian
Francoise,Debiais,Debiais,Francoise
Astrid,Bellissen,Bellissen,Astrid
Eric,Alamartine,Alamartine,Eric
Baptiste,Hervier,Hervier,Baptiste
Ayman,Abokasem,Abokasem,Ayman
Jacques,Hannoun,Hannoun,Jacques
Catherine,Beauvais,Beauvais,Catherine
Philippe,Bernard,Bernard,Philippe
Laurent,Blum,Blum,Laurent
Gilles,Blancho,Blancho,Gilles
Pascal,Cathebras,Cathebras,Pascal
Bertrand,Denis,Denis,Bertrand
Eric,Legrand,Legrand,Eric
Benoit,Faucher,Faucher,Benoit
Nicolas,Dupin,Dupin,Nicolas
Michel,Dupon,Dupon,Michel
Denis,Fouque,Fouque,Denis
Guillaume,Chaby,Chaby,Guillaume
Roland,Chapurlat,Chapurlat,Roland
Hikombo,Hitoto,Hitoto,Hikombo
Florent,Grange,Grange,Florent
Helder,Gil,Gil,Helder
Mehdi,Khellaf,Khellaf,Mehdi
Gaelle,Quereux,Quereux,Gaelle
Patrick,Jego,Jego,Patrick
Ludivine,Lebourg,Lebourg,Ludivine
Isabelle,Lazareth,Lazareth,Isabelle
Edwige,Le Mouel,Le Mouel,Edwige
Damien,Boutin,Boutin,Damien
Patrick,Mismetti,Mismetti,Patrick
Philippe,Nayme,Nayme,Philippe
Nicolas,Noel,Noel,Nicolas
Philippe,Parola,Parola,Philippe
Thierry,Passeron,Passeron,Thierry
Carle,Paul,Paul,Carle
Stephanie,Regnier,Regnier,Stephanie
Pascal,Richette,Richette,Pascal
Clemence,Richaud,Richaud,Clemence
Damien,Sene,Sene,Damien
Julien,Seneschal,Seneschal,Julien
Raphaele,Seror,Seror,Raphaele
Julien,Saison,Saison,Julien
Luc,Thomas,Thomas,Luc
Thierry,Thomas,Thomas,Thierry
Christelle,Tomei,Tomei,Christelle
Philippe,Zaoui,Zaoui,Philippe
Alice,Corbel,Corbel,Alice
Michelle,Elias,Elias,Michelle
Tristan,Pascart,Pascart,Tristan
Marion,Gauthier,Gauthier,Marion
Melanie,Roriz,Roriz,Melanie
Thomas,Jouve,Jouve,Thomas
Charlee,Nardin,Nardin,Charlee
Philippe,Gatault,Gatault,Philippe
Vincent,Esnault,Esnault,Vincent
Emmanuel,Andres,Andres,Emmanuel
Marie,Beylot Barry,Beylot Barry,Marie
Thomas,Bardin,Bardin,Thomas
Stephane,Allouche,Allouche,Stephane
Christophe,Bedane,Bedane,Christophe
Pablo,Bartolucci,Bartolucci,Pablo
Christelle,Barbet,Barbet,Christelle
Bernard,Bonnotte,Bonnotte,Bernard
Alain,Cantagrel,Cantagrel,Alain
Matthias,Buchler,Buchler,Matthias
Fanny,Buron,Buron,Fanny
Thierry,Carmoi,Carmoi,Thierry
Bruno,Chauffert,Chauffert,Bruno
Arnaud,Del Bello,Del Bello,Arnaud
Stephane,Dalle,Dalle,Stephane
Alain,Meyer,Meyer,Alain
Arsene,Mekinian,Mekinian,Arsene
Ludovic,Martin,Martin,Ludovic
Hubert,Marotte,Marotte,Hubert
Jacques Eric,Gottenberg,Gottenberg,Jacques Eric
Nathalie,Franck,Franck,Nathalie
Emmanuel,Chatelus,Chatelus,Emmanuel
Jerome,Allain,Allain,Jerome
Francis,Guillemin,Guillemin,Francis
Pierre Yves,Hatron,Hatron,Pierre Yves
Pierre,Hausfater,Hausfater,Pierre
Pierre Louis,Carron,Carron,Pierre Louis
Laurence,Bouillet,Bouillet,Laurence
Saskia,Oro,Oro,Saskia
Cecile,Courivaud,Courivaud,Cecile
Celeste,Lebbe,Lebbe,Celeste
Adeline,Lacraz,Lacraz,Adeline
Eric,Lespessailles,Lespessailles,Eric
Mathieu,Luc,Luc,Mathieu
Kim Heang,Ly,Ly,Kim Heang
Guilhem,Cavaille,Cavaille,Guilhem
Devy,Lu,Lu,Devy
Gautier,Julien,Julien,Gautier
Mahsa,Mohseni Zadeh,Mohseni Zadeh,Mahsa
Christian,Noel,Noel,Christian
Pierre,Philippe,Philippe,Pierre
Sylvain,Palat,Palat,Sylvain
Philippe,Remy,Remy,Philippe
Michel,Remy,Remy,Michel
Philippe,Ravaud,Ravaud,Philippe
Isabelle,Ravaux,Ravaux,Isabelle
Pascal,Rossi,Rossi,Pascal
Benjamin,Rossi,Rossi,Benjamin
Carine,Salliot,Salliot,Carine
Antoine,Thierry,Thierry,Antoine
Laure,Gossec,Gossec,Laure
Marie Helene,Vieillard,Vieillard,Marie Helene
Francois,Vincent,Vincent,Francois
David,Couret,Couret,David
Magali,Croquette,Croquette,Magali
Matthieu,Mahevas,Mahevas,Matthieu
Yanis,Ramdani,Ramdani,Yanis
Stephanie,Delaumenie,Delaumenie,Stephanie
Ludovic,Trefond,Trefond,Ludovic
Claire,Rempenault,Rempenault,Claire
Vincent,Dubee,Dubee,Vincent
Molka,Ariane,Ariane,Molka
Laure,Barthod,Barthod,Laure
Eleonore,Berard,Berard,Eleonore
Marion,Bourgaux,Bourgaux,Marion
Patrick,Ingiliz,Ingiliz,Patrick
Alice,Bel,Bel,Alice
Abokasem,Ayman,Ayman,Abokasem
Abraham,Pierre,Pierre,Abraham
Adam,Tania,Tania,Adam
Agathe,Rami,Rami,Agathe
Alamartine,Eric,Eric,Alamartine
Alban,Le Monnier,Le Monnier,Alban
Alexandra,Calmy,Calmy,Alexandra
Alessandra,Bura Riviere,Bura Riviere,Alessandra
Alexandre,Bodmer,Bodmer,Alexandre
Alexandre,Poignard,Poignard,Alexandre
Amar,Smail,Smail,Amar
Amitesh,Roy,Roy,Amitesh
Amorim,Sandy,Sandy,Amorim
Amri,Ez Zoubir,Ez Zoubir,Amri
Andre,Cabie,Cabie,Andre
Andre,Michel,Michel,Andre
Andres,Emmanuel,Emmanuel,Andres
Anne,Bachelot,Bachelot,Anne
Anne Genevieve,Marcelin,Marcelin,Anne Genevieve
Antoine,Guillon,Guillon,Antoine
Arkouche,Walid,Walid,Arkouche
Arun,Khazanchi,Khazanchi,Arun
Audrey,Lasne Cardon,Lasne Cardon,Audrey
Aumaitre,Hugues,Hugues,Aumaitre
Aurelie,Despujols,Despujols,Aurelie
Aziza,Richard,Richard,Aziza
Bachelot,Anne,Anne,Bachelot
Bardet,Stephane,Stephane,Bardet
Bartolucci,Pablo,Pablo,Bartolucci
Bastit,Vianney,Vianney,Bastit
Bauduer,Frederic,Frederic,Bauduer
Beatrice,Vergier,Vergier,Beatrice
Beaussier,Helene,Helene,Beaussier
Bel,Alice,Alice,Bel
Bernadach,Maureen,Maureen,Bernadach
Bernard,Philippe,Philippe,Bernard
Beuscart,Claude,Claude,Beuscart
Blancho,Gilles,Gilles,Blancho
Blum,Laurent,Laurent,Blum
Bodmer,Alexandre,Alexandre,Bodmer
Bonnetain,Franck,Franck,Bonnetain
Bonneterre,Vincent,Vincent,Bonneterre
Bonnotte,Bernard,Bernard,Bonnotte
Boone,Mathieu,Mathieu,Boone
Borhane,Slama,Slama,Borhane
Bouillet,Laurence,Laurence,Bouillet
Boutin,Damien,Damien,Boutin
Brigitte,Granel,Granel,Brigitte
Bura Riviere,Alessandra,Alessandra,Bura Riviere
Buron,Fanny,Fanny,Buron
Caillon,Cynthia,Cynthia,Caillon
Calmels,Paul,Paul,Calmels
Calmy,Alexandra,Alexandra,Calmy
Cantagrel,Alain,Alain,Cantagrel
Carine,Labruyere,Labruyere,Carine
Carole,Ichai,Ichai,Carole
Caroline,Dartigeas,Dartigeas,Caroline
Caroline,Robert,Robert,Caroline
Catella,Judith,Judith,Catella
Cathebras,Pascal,Pascal,Cathebras
Causse,Xavier,Xavier,Causse
Cecile,Janssen,Janssen,Cecile
Celeste,Celeste,Celeste,Celeste
Celine,Fernandez,Fernandez,Celine
Chapurlat,Roland,Roland,Chapurlat
Charbotel,Barbara,Barbara,Charbotel
Chatelus,Emmanuel,Emmanuel,Chatelus
Chauffert,Bruno,Bruno,Chauffert
Chouihed,Tahar,Tahar,Chouihed
Christophe,Paris,Paris,Christophe
Christophe,Roge,Roge,Christophe
Christophe,Tremouilhac,Tremouilhac,Christophe
Ciappuccini,Renaud,Renaud,Ciappuccini
Claude,Beuscart,Beuscart,Claude
Claudine,Duvivier,Duvivier,Claudine
Conroy,Thierry,Thierry,Conroy
Cont,Delphine,Delphine,Cont
Corbel,Alice,Alice,Corbel
Coste Mazeau,Perrine,Perrine,Coste Mazeau
Couret,David,David,Couret
Courivaud,Cecile,Cecile,Courivaud
Croquette,Magali,Magali,Croquette
Cussac,Vincent,Vincent,Cussac
Cynthia,Caillon,Caillon,Cynthia
Cyrille,Hoarau,Hoarau,Cyrille
Dalle,Stephane,Stephane,Dalle
Daniel,Garipuy,Garipuy,Daniel
Darnige,Luc,Luc,Darnige
David,Hupin,Hupin,David
Debiais,Francoise,Francoise,Debiais
Delphine,Cont,Cont,Delphine
Despujols,Aurelie,Aurelie,Despujols
Djoumad,Sabrina,Sabrina,Djoumad
Dominique,Valeyre,Valeyre,Dominique
Dubee,Vincent,Vincent,Dubee
Dubray Longeras,Pascale,Pascale,Dubray Longeras
Dupon,Michel,Michel,Dupon
Duvivier,Claudine,Claudine,Duvivier
Elias,Michelle,Michelle,Elias
Elizabeth,Grossetti,Grossetti,Elizabeth
Emile,George,George,Emile
Escaut,Lelia,Lelia,Escaut
Esnault,Vincent,Vincent,Esnault
Esquirol,Yolande,Yolande,Esquirol
Etienne,Gabriel,Gabriel,Etienne
Faiza,Ajana,Ajana,Faiza
Faten,Zeglaoui,Zeglaoui,Faten
Fayolle Minon,Isabelle,Isabelle,Fayolle Minon
Feasson,Leonard,Leonard,Feasson
Fernandez,Celine,Celine,Fernandez
Feugier,Pierre,Pierre,Feugier
Fouque,Denis,Denis,Fouque
Francois,Francois,Francois,Francois
Francois,Jehl,Jehl,Francois
Francoise,Smits,Smits,Francoise
Franck,Bridoux,Bridoux,Franck
Frederic,Bauduer,Bauduer,Frederic
Frederic,Roche,Roche,Frederic
Gabriel,Etienne,Etienne,Gabriel
Garipuy,Daniel,Daniel,Garipuy
Gauthier,Marion,Marion,Gauthier
Gauthier,Marion,Marion,Gauthier
George,Emile,Emile,George
Gilles,Cambonie,Cambonie,Gilles
Gilles,Pialloux,Pialloux,Gilles
Goutte,Julie,Julie,Goutte
Grossetti,Elizabeth,Elizabeth,Grossetti
Guillemin,Francis,Francis,Guillemin
Guillon,Antoine,Antoine,Guillon
Guy,Laurent,Laurent,Guy
Hachache,Toufic,Toufic,Hachache
Hannoun,Jacques,Jacques,Hannoun
Hausfater,Pierre,Pierre,Hausfater
Hautecoeur,Patrick,Patrick,Hautecoeur
Helene,Beaussier,Beaussier,Helene
Henni,Samir,Samir,Henni
Hervier,Baptiste,Baptiste,Hervier
Hugues,Aumaitre,Aumaitre,Hugues
Humbert,Stanislas,Stanislas,Humbert
Hupin,David,David,Hupin
Ichai,Carole,Carole,Ichai
Irena,Irena,Irena,Irena
Isabelle,Fouchard Hubert,Fouchard Hubert,Isabelle
Jacquin,Laurent,Laurent,Jacquin
Jardin,Fabrice,Fabrice,Jardin
Jehl,Francois,Francois,Jehl
Johan,Johan,Johan,Johan
John,Wheatley,Wheatley,John
Judith,Catella,Catella,Judith
Julien,Gautier,Gautier,Julien
Kamel,Laribi,Laribi,Kamel
Karim,Tazarourte,Tazarourte,Karim
Khazanchi,Arun,Arun,Khazanchi
Khellaf,Mehdi,Mehdi,Khellaf
Killian,Martin,Martin,Killian
Kuentz,Francois,Francois,Kuentz
Labruyere,Carine,Carine,Labruyere
Laclautre,Lise,Lise,Laclautre
Laribi,Kamel,Kamel,Laribi
Lasne Cardon,Audrey,Audrey,Lasne Cardon
Lasnon,Charline,Charline,Lasnon
Laurence,Sanhes,Sanhes,Laurence
Laurence,Vanlemmens,Vanlemmens,Laurence
Laurenti,Luca,Luca,Laurenti
Lebbe,Celeste,Celeste,Lebbe
Lecomte,Thierry,Thierry,Lecomte
Lecuit,Marc,Marc,Lecuit
Legrand,Eric,Eric,Legrand
Leibowitz,Mark,Mark,Leibowitz
Lelia,Escaut,Escaut,Lelia
Lemal,Richard,Richard,Lemal
Leonard,Feasson,Feasson,Leonard
Lepeule,Raphael,Raphael,Lepeule
Leroux,Agnes,Agnes,Leroux
Lespessailles,Eric,Eric,Lespessailles
Lietar,Beatrice,Beatrice,Lietar
Lise,Laclautre,Laclautre,Lise
Louis,Bernard,Bernard,Louis
Louis,Gras,Gras,Louis
Luc,Darnige,Darnige,Luc
Luca,Laurenti,Laurenti,Luca
Lydie,Porte,Porte,Lydie
Magalie,Magalie,Magalie,Magalie
Magda,Alexis,Alexis,Magda
Mahevas,Matthieu,Matthieu,Mahevas
Manuel,Monreal,Monreal,Manuel
Marie,Wislez,Wislez,Marie
Mark,Leibowitz,Leibowitz,Mark
Marotte,Hubert,Hubert,Marotte
Martin,Killian,Killian,Martin
Martin,Ludovic,Ludovic,Martin
Martin,Ludovic,Ludovic,Martin
Massoubre,Catherine,Catherine,Massoubre
Mathieu,Boone,Boone,Mathieu
Maureen,Bernadach,Bernadach,Maureen
Maziere,Sylvie,Sylvie,Maziere
Merav,Merav,Merav,Merav
Mestre Godin,Sandrine,Sandrine,Mestre Godin
Meyer,Alain,Alain,Meyer
Miailhes,Patrick,Patrick,Miailhes
Micali,Giuseppe,Giuseppe,Micali
Michel,Andre,Andre,Michel
Michel,Thomas,Thomas,Michel
Micheline,Tulliez,Tulliez,Micheline
Mijola,Lambert,Lambert,Mijola
Miot,Stephanie,Stephanie,Miot
Mir,Olivier,Olivier,Mir
Mishellany,Florence,Florence,Mishellany
Mismetti,Patrick,Patrick,Mismetti
Molliex,Serge,Serge,Molliex
Morara,Paola,Paola,Morara
Mourad,Mokni,Mokni,Mourad
Moustafa,Moustafa,Moustafa,Moustafa
Nafornita,Valerica,Valerica,Nafornita
Nardin,Charlee,Charlee,Nardin
Navez,Malou,Malou,Navez
Nayme,Philippe,Philippe,Nayme
Nguyen,Sophie,Sophie,Nguyen
Nicole,Pinel,Pinel,Nicole
Nisse,Catherine,Catherine,Nisse
Noel,Christian,Christian,Noel
Noel,Nicolas,Nicolas,Noel
Noel,Noel,Noel,Noel
Olivier,Hauger,Hauger,Olivier
Olivier,Hermine,Hermine,Olivier
Olivier,Mir,Mir,Olivier
Olivier,Joannes Boyau,Joannes Boyau,Olivier
Oro,Saskia,Saskia,Oro
Oro,Saskia,Saskia,Oro
Palat,Sylvain,Sylvain,Palat
Paola,Morara,Morara,Paola
Paris,Christophe,Christophe,Paris
Pascal,Saidlitz,Saidlitz,Pascal
Pascale,Dubray Longeras,Dubray Longeras,Pascale
Pascart,Tristan,Tristan,Pascart
Passeron,Thierry,Thierry,Passeron
Passeron,Thierry,Thierry,Passeron
Patrick,Miailhes,Miailhes,Patrick
Paul,Calmels,Calmels,Paul
Pelletier,Gilles,Gilles,Pelletier
Perrine,Coste Mazeau,Coste Mazeau,Perrine
Philippe,Richard,Richard,Philippe
Pialloux,Gilles,Gilles,Pialloux
Pierre,Abraham,Abraham,Pierre
Pierre,Feugier,Feugier,Pierre
Porte,Lydie,Lydie,Porte
Postol,Svitlana,Svitlana,Postol
Quak,Elske,Elske,Quak
Quereux,Gaelle,Gaelle,Quereux
Rami,Agathe,Agathe,Rami
Ramin,Ravan,Ravan,Ramin
Ranque,Brigitte,Brigitte,Ranque
Raphael,Lepeule,Lepeule,Raphael
Ravan,Ramin,Ramin,Ravan
Richard,Lemal,Lemal,Richard
Richard,Philippe,Philippe,Richard
Richaud,Clemence,Clemence,Richaud
Richaud,Clemence,Clemence,Richaud
Rimmele,Thomas,Thomas,Rimmele
Robert,Caroline,Caroline,Robert
Roche,Frederic,Frederic,Roche
Roge,Christophe,Christophe,Roge
Romain,Valery,Valery,Romain
Roriz,Melanie,Melanie,Roriz
Rossi,Benjamin,Benjamin,Rossi
Rotonda,Christine,Christine,Rotonda
Roy,Amitesh,Amitesh,Roy
Ruffault,Alexis,Alexis,Ruffault
Sabrina,Djoumad,Djoumad,Sabrina
Safar,Violaine,Violaine,Safar
Salliot,Carine,Carine,Salliot
Salvatore,De Vita,De Vita,Salvatore
Samir,Henni,Henni,Samir
Sandrine,Mestre Godin,Mestre Godin,Sandrine
Sandy,Amorim,Amorim,Sandy
Schuldiner,Sophie,Sophie,Schuldiner
Serhat,Unal,Unal,Serhat
Shang,Shang,Shang,Shang
Slama,Borhane,Borhane,Slama
Smits,Francoise,Francoise,Smits
Sophie,Nguyen,Nguyen,Sophie
Sophie,Schuldiner,Schuldiner,Sophie
Stanislas,Humbert,Humbert,Stanislas
Stephanie,Miot,Miot,Stephanie
Svitlana,Postol,Postol,Svitlana
Sylvain,Manfredi,Manfredi,Sylvain
Sylvie,Maziere,Maziere,Sylvie
Sylvie,Odent,Odent,Sylvie
Tahar,Chouihed,Chouihed,Tahar
Tania,Adam,Adam,Tania
Tazarourte,Karim,Karim,Tazarourte
Thierry,Antoine,Antoine,Thierry
Thierry,Conroy,Conroy,Thierry
Thierry,Lecomte,Lecomte,Thierry
Thomas,Luc,Luc,Thomas
Thomas,Rimmele,Rimmele,Thomas
Thomas,Thierry,Thierry,Thomas
Trefond,Ludovic,Ludovic,Trefond
Tremouilhac,Christophe,Christophe,Tremouilhac
Tripodi,Dominique,Dominique,Tripodi
Valerica,Nafornita,Nafornita,Valerica
Valery,Romain,Romain,Valery
Vanlemmens,Laurence,Laurence,Vanlemmens
Viglino,Damien,Damien,Viglino
Vincent,Bonneterre,Bonneterre,Vincent
Violaine,Safar,Safar,Violaine
Wheatley,John,John,Wheatley
Wolff,Wolff,Wolff,Wolff
Xavier,Causse,Causse,Xavier
Yvon,Lebranchu,Lebranchu,Yvon
Zelek,Laurent,Laurent,Zelek
Zelie,Julia,Julia,Zelie
Le Mouel,Edwige,Edwige,Le Mouel
Hassold,Nolan,Nolan,Hassold
Muratore,Francesco,Francesco,Muratore
Thomas,Julien,Julien,Thomas
Nathalie,Aladjidi,Aladjidi,Nathalie
Laurent,Abramowitz,Abramowitz,Laurent
Benedicte,Neven,Neven,Benedicte
Nolan,Hassold,Hassold,Nolan
Sylvie,Gandon Laloum,Gandon Laloum,Sylvie
Gil,Helder,Helder,Gil
Christophe,Bedane,Bedane,Christophe
Turker,Turker,Turker,Turker
Marc,Lecuit,Lecuit,Marc
Thomas,Michel,Michel,Thomas
Yves,Frances,Frances,Yves
Philippe,Pierre,Pierre,Philippe
Monia,Smiti Khanfir,Smiti Khanfir,Monia
Beauvais,Catherine,Catherine,Beauvais
Pharath,Lim,Lim,Pharath
Torsten,Witte,Witte,Torsten
Marie Dominique,Vignon Pennamen,Vignon Pennamen,Marie Dominique
Ludovic,Martin,Martin,Ludovic
Chaker,Kays,Kays,Chaker
Cherif,Dhouha,Dhouha,Cherif
Kacem,Imene,Imene,Kacem
Kays,Chaker,Chaker,Kays
Trad,Dorra,Dorra,Trad
Ayari,Ayari,Ayari,Ayari
Issaoui,Dhilel,Dhilel,Issaoui
Souhir,Souhir,Souhir,Souhir
Zeineb,Zeineb,Zeineb,Zeineb
Ahlem,Ahlem,Ahlem,Ahlem
Jamel,Daoud,Daoud,Jamel
Nidhameddine,Kchir,Kchir,Nidhameddine
Salah,Rhim,Rhim,Salah
Rhim,Salah,Salah,Rhim
Dhouha,Cherif,Cherif,Dhouha
Jouve,Thomas,Thomas,Jouve
Hechmi,Toumi,Toumi,Hechmi
Wan Fai,Ng,Ng,Wan Fai
Hatron,Pierre Yves,Pierre Yves,Hatron
Thierry,D' Amato,D' Amato,Thierry
Paul,Tafforeau,Tafforeau,Paul
Dany,Garant,Garant,Dany
Samuel,David,David,Samuel
Noemie,Abisror,Abisror,Noemie
Loay,Kontar,Kontar,Loay
Aladjidi,Nathalie,Nathalie,Aladjidi
Sylvain,Bise,Bise,Sylvain
Tobias,Alexander,Alexander,Tobias
Lacraz,Adeline,Adeline,Lacraz
Fabrice,Menegaux,Menegaux,Fabrice
Carcy,Romain,Romain,Carcy
Saint Paul,Marie Christine,Marie Christine,Saint Paul
Lebourg,Ludivine,Ludivine,Lebourg
Davy,Laroche,Laroche,Davy
Kouakou,Boidy,Boidy,Kouakou
Boidy,Kouakou,Kouakou,Boidy
Julien,Amour,Amour,Julien
Restuadi,Restuadi,Restuadi,Restuadi
Olivier,Bastien,Bastien,Olivier
Vincent,Benoit,Benoit,Vincent
Nikitas,Nikitas,Nikitas,Nikitas
Maddalena,Larosa,Larosa,Maddalena
Jean Denis,Laredo,Laredo,Jean Denis
Kim,Tae Jong,Tae Jong,Kim
Zohra,Lamiral,Lamiral,Zohra
Abbo,Olivier,Olivier,Abbo
David,Samuel,Samuel,David
Frederique,Ganster,Ganster,Frederique
Renaud,Ciappuccini,Ciappuccini,Renaud
Philippe,Bulois,Bulois,Philippe
Nelly,Agrinier,Agrinier,Nelly
Bahaa,Nasr,Nasr,Bahaa
Abhishek,Abhishek,Abhishek,Abhishek
Stavroula,Masouridi Levrat,Masouridi Levrat,Stavroula
Smail,Amar,Amar,Smail
Jean Paul,Duong Van Huyen,Duong Van Huyen,Jean Paul
Ariane,Molka,Molka,Ariane
Benoit,Nicolas,Nicolas,Benoit
Balmes,Nicolas,Nicolas,Balmes
Babault,Nicolas,Nicolas,Babault
Sebastian,Udry,Udry,Sebastian
Gilles,Pelletier,Pelletier,Gilles
Chaby,Guillaume,Guillaume,Chaby
Ngoy,Nsenga,Nsenga,Ngoy
Paul,Carle,Carle,Paul
Christopher,Gillberg,Gillberg,Christopher
Sophie,Julia,Julia,Sophie
Abechi,Priscilla,Priscilla,Abechi
Diarra,Bassirou,Bassirou,Diarra
Fowotade,Adeola,Adeola,Fowotade
Mba,Nwando,Nwando,Mba
Ihekweazu,Chikwe,Chikwe,Ihekweazu
Yan,Yan,Yan,Yan
Nwando,Mba,Mba,Nwando
Priscilla,Abechi,Abechi,Priscilla
Bassirou,Diarra,Diarra,Bassirou
Mauhin,Wladimir,Wladimir,Mauhin
Laurent,Zelek,Zelek,Laurent
Oumedaly,Reman,Reman,Oumedaly
Luo,Zhang,Zhang,Luo
Gauthier,Julien,Julien,Gauthier
Mey,Channa,Channa,Mey
Julie,Goutte,Goutte,Julie
Mekinian,Arsene,Arsene,Mekinian
Duong Van Huyen,Jean Paul,Jean Paul,Duong Van Huyen
Bruno,Fantin,Fantin,Bruno
Patrick,Hautecoeur,Hautecoeur,Patrick
Sophie,Bouvresse,Bouvresse,Sophie
Khue,Pham Minh,Pham Minh,Khue
Charline,Lasnon,Lasnon,Charline
Hicheri,Yosr,Yosr,Hicheri
Florence,Damond,Damond,Florence
Yvon,Calmus,Calmus,Yvon
Marion,Gauthier,Gauthier,Marion
Ramdani,Yanis,Yanis,Ramdani
Barbet,Christelle,Christelle,Barbet
Jing,Jin,Jin,Jing
Resmi,P K,P K,Resmi
Lomater,Claudia,Claudia,Lomater
P K,Resmi,Resmi,P K
Abramowitz,Laurent,Laurent,Abramowitz
Tafforeau,Paul,Paul,Tafforeau
Gillberg,Christopher,Christopher,Gillberg
Charlotte,Magdelaine,Magdelaine,Charlotte
Stefano,Bombardieri,Bombardieri,Stefano
Matthieu,Le Bailly,Le Bailly,Matthieu
Patrick,Calvas,Calvas,Patrick
Arezki,Adem,Adem,Arezki
Remy,Philippe,Philippe,Remy
Adem,Arezki,Arezki,Adem
Zhou,Zhou,Zhou,Zhou
Ravaud,Philippe,Philippe,Ravaud
Viet Nhung,Nguyen,Nguyen,Viet Nhung
Liang,Liang,Liang,Liang
Guy,Touchard,Touchard,Guy
Pompilia,Radu,Radu,Pompilia
Gregory,Dubourg,Dubourg,Gregory
Oliver,Waidmann,Waidmann,Oliver
Arndt,Vogel,Vogel,Arndt
Radu,Pompilia,Pompilia,Radu
Tijani,Gharbi,Gharbi,Tijani
Gottenberg,Jacques Eric,Jacques Eric,Gottenberg
Olivier,Bourron,Bourron,Olivier
Bourron,Olivier,Olivier,Bourron
Boutin,Julian,Julian,Boutin
Franck,Bonnetain,Bonnetain,Franck
Patrice,Viens,Viens,Patrice
Bertrand,Quentin,Quentin,Bertrand
Julien,Mancini,Mancini,Julien
Agnes,Leroux,Leroux,Agnes
Magot,Armelle,Armelle,Magot
Tan,Winston,Winston,Tan
Barbara,Charbotel,Charbotel,Barbara
Vespignani,Herve,Herve,Vespignani
Abdelfatah,Aboubakr,Aboubakr,Abdelfatah
Aboubakr,Abdelfatah,Abdelfatah,Aboubakr
Francoise,Michel,Michel,Francoise
Mahmoud,Zureik,Zureik,Mahmoud
Lydie,Nadal Desbarats,Nadal Desbarats,Lydie
Falalou,Hamidou,Hamidou,Falalou
Christina,Bamia,Bamia,Christina
Gilles,Paintaud,Paintaud,Gilles
Irmansyah,Irmansyah,Irmansyah,Irmansyah
Manuel,Ramos Casals,Ramos Casals,Manuel
Fan,Yi,Yi,Fan
Denis,Lairon,Lairon,Denis
Jean Luc,Magne,Magne,Jean Luc
Philippe,Nicolas,Nicolas,Philippe
David,Bakhos,Bakhos,David
Pierre,Nicolas,Nicolas,Pierre
Hammouda,Boussen,Boussen,Hammouda
Armelle,Magot,Magot,Armelle
Hoarau,Cyrille,Cyrille,Hoarau
Lombardo,Carla,Carla,Lombardo
Terreehorst,Ingrid,Ingrid,Terreehorst
Concetta,Catalano,Catalano,Concetta
Julia,Sophie,Sophie,Julia
Thierry,Vincent,Vincent,Thierry
Francesco,Muratore,Muratore,Francesco
Menegaux,Fabrice,Fabrice,Menegaux
Larosa,Maddalena,Maddalena,Larosa
Julien,Baleine,Baleine,Julien
Isabelle,Jollet,Jollet,Isabelle
Taduri,Gangadhar,Gangadhar,Taduri
Gangadhar,Taduri,Taduri,Gangadhar
Reman,Oumedaly,Oumedaly,Reman
Fabrice,Jardin,Jardin,Fabrice
Khalife,Khalife,Khalife,Khalife
Fouchard Hubert,Isabelle,Isabelle,Fouchard Hubert
Leni,Zaira,Zaira,Leni
Zaira,Leni,Leni,Zaira
Laurent,Poulain,Poulain,Laurent
Gerard,Abadjian,Abadjian,Gerard
Wafaa,Badre,Badre,Wafaa
Dorra,Trad,Trad,Dorra
Rachoin,Rachoin,Rachoin,Rachoin
Boussen,Hammouda,Hammouda,Boussen
Ayed,Haroun,Haroun,Ayed
Dhilel,Issaoui,Issaoui,Dhilel
Daoud,Jamel,Jamel,Daoud
Imene,Kacem,Kacem,Imene
Chakroun,Marouene,Marouene,Chakroun
Mokrani,Mokrani,Mokrani,Mokrani
Clotilde,Rousseau,Rousseau,Clotilde
Saskia,Oro,Oro,Saskia
Florence,Mishellany,Mishellany,Florence
Jean Francois,Jacques,Jacques,Jean Francois
Audrey,Gros,Gros,Audrey
Limaye,Vidya,Vidya,Limaye
Vidya,Limaye,Limaye,Vidya
Kamyar,Kalantar Zadeh,Kalantar Zadeh,Kamyar
Massimiliano,Mirabella,Mirabella,Massimiliano
Quentin,Bertrand,Bertrand,Quentin
Brigitte,Ranque,Ranque,Brigitte
Allegra,Maryline,Maryline,Allegra
Hendrika,Bootsma,Bootsma,Hendrika
Alexander,Tobias,Tobias,Alexander
Michel,Vincent,Vincent,Michel
Akova,Murat,Murat,Akova
Murat,Akova,Akova,Murat
Vincent,Cussac,Cussac,Vincent
Saoussen,Miladi,Miladi,Saoussen
Kmar,Ouenniche,Ouenniche,Kmar
Philippe,David,David,Philippe
Hitoto,Hikombo,Hikombo,Hitoto
Michel,Thibault,Thibault,Michel
Bardin,Thomas,Thomas,Bardin
Richette,Pascal,Pascal,Richette
Cabie,Andre,Andre,Cabie
Nicolas,Babault,Babault,Nicolas
Cozzi,Emanuele,Emanuele,Cozzi
Grange,Florent,Florent,Grange
Seydou,Alassane,Alassane,Seydou
Abishek,Abishek,Abishek,Abishek
Antoine,Valery,Valery,Antoine
Maryline,Allegra,Allegra,Maryline
Thibaud,Vincent,Vincent,Thibaud
Stephane,Bardet,Bardet,Stephane
Anne Chantal,Knol,Knol,Anne Chantal
Vincent,Thibaud,Thibaud,Vincent
Equy,Veronique,Veronique,Equy
Riethmuller,Didier,Didier,Riethmuller
Magne,Jean Luc,Jean Luc,Magne
Emanuele,Cozzi,Cozzi,Emanuele
Julien,Thomas,Thomas,Julien
Vignon Pennamen,Marie Dominique,Marie Dominique,Vignon Pennamen
Michel,David,David,Michel
Catherine,Nisse,Nisse,Catherine
Ohanyan,Haykanush,Haykanush,Ohanyan
Burkhard,Becher,Becher,Burkhard
Maisonnasse,Pauline,Pauline,Maisonnasse
Houda,Ben Rejeb,Ben Rejeb,Houda
Martin,Obermeier,Obermeier,Martin
Narisu,Narisu,Narisu,Narisu
Didier,Riethmuller,Riethmuller,Didier
Louis,Bernatchez,Bernatchez,Louis
Sukriti,Sukriti,Sukriti,Sukriti
Becher,Burkhard,Burkhard,Becher
Bernard,Denis,Denis,Bernard
Raghu,Raman,Raman,Raghu
Raman,Raghu,Raghu,Raman
Alexis,Magda,Magda,Alexis
Zhou,Zhuo,Zhuo,Zhou
Zhuo,Zhou,Zhou,Zhuo
Olivier,Lamy,Lamy,Olivier
Elke,Theander,Theander,Elke
Thomas,Mandl,Mandl,Thomas
Claudio,Vitali,Vitali,Claudio
Simon J,Bowman,Bowman,Simon J
Witte,Torsten,Torsten,Witte
Lianthuamluaia,Lianthuamluaia,Lianthuamluaia,Lianthuamluaia
Pauline,Maisonnasse,Maisonnasse,Pauline
Francois,Kuentz,Kuentz,Francois
Lim,Pharath,Pharath,Lim
Vianney,Bastit,Bastit,Vianney
Marie,Parrens,Parrens,Marie
Yolande,Esquirol,Esquirol,Yolande
Chouki,Chenaf,Chenaf,Chouki
Wassef,Michel,Michel,Wassef
Ly,Kim Heang,Kim Heang,Ly
Toufic,Hachache,Hachache,Toufic
Del Bello,Arnaud,Arnaud,Del Bello
Morgane,Villemaire,Villemaire,Morgane
Villemaire,Morgane,Morgane,Villemaire
Cartier,Jean Charles,Jean Charles,Cartier
Maurizi,Jocelyne,Jocelyne,Maurizi
Pinel,Nicole,Nicole,Pinel
Zaoui,Philippe,Philippe,Zaoui
Carron,Pierre Louis,Pierre Louis,Carron
Barthod,Laure,Laure,Barthod
Murray,Baron,Baron,Murray
Hermine,Olivier,Olivier,Hermine
Mosepele,Mosepele,Mosepele,Mosepele
Patrick,Devos,Devos,Patrick
Duong,Veasna,Veasna,Duong
Veasna,Duong,Duong,Veasna
Joachim,Alexandre,Alexandre,Joachim
Faucher,Benoit,Benoit,Faucher
Rossi,Pascal,Pascal,Rossi
Emungania,Olivier,Olivier,Emungania
Frances,Yves,Yves,Frances
Granel,Brigitte,Brigitte,Granel
Pascal,De Lagausie,De Lagausie,Pascal
Jean Marie,Grouin,Grouin,Jean Marie
El Houssein,Ouijja,Ouijja,El Houssein
Ouijja,El Houssein,El Houssein,Ouijja
Knol,Anne Chantal,Anne Chantal,Knol
Bouvresse,Sophie,Sophie,Bouvresse
Marcelin,Anne Genevieve,Anne Genevieve,Marcelin
Franck,Nathalie,Nathalie,Franck
Regnier,Stephanie,Stephanie,Regnier
Damond,Florence,Florence,Damond
Tulliez,Micheline,Micheline,Tulliez
Dupin,Nicolas,Nicolas,Dupin
Olivier,Abbo,Abbo,Olivier
Laurence,Watier,Watier,Laurence
Haykanush,Ohanyan,Ohanyan,Haykanush
Maud,Rabeyrin,Rabeyrin,Maud
Philippe,Jan,Jan,Philippe
Hurlot,Quentin,Quentin,Hurlot
Kelecic,Jadranka,Jadranka,Kelecic
Marie Helene,Louis,Louis,Marie Helene
Nsenga,Ngoy,Ngoy,Nsenga
Herve,Vespignani,Vespignani,Herve
Abisror,Noemie,Noemie,Abisror
Walid,Arkouche,Arkouche,Walid
Kalantar Zadeh,Kamyar,Kamyar,Kalantar Zadeh
David,Michel,Michel,David
Francisco,Iria,Iria,Francisco
Laurent,Benoit,Benoit,Laurent
Diane,Bamourou,Bamourou,Diane
Nicolas,Stacoffe,Stacoffe,Nicolas
Olivier,Emungania,Emungania,Olivier
Giorgia,Mataluni,Mataluni,Giorgia
Assunta,Bianco,Bianco,Assunta
Antonio,Cortese,Cortese,Antonio
Dhamodharan,Ramasamy,Ramasamy,Dhamodharan
Ramasamy,Dhamodharan,Dhamodharan,Ramasamy
Philippe,Francois,Francois,Philippe
Winston,Tan,Tan,Winston
Richard,Assaker,Assaker,Richard
Ez Zoubir,Amri,Amri,Ez Zoubir
Baleine,Julien,Julien,Baleine
Cambonie,Gilles,Gilles,Cambonie
Alexandre,Candellier,Candellier,Alexandre
Lamiral,Zohra,Zohra,Lamiral
Hubert,Lincet,Lincet,Hubert
Monreal,Manuel,Manuel,Monreal
Marie Christine,Saint Paul,Saint Paul,Marie Christine
Fan,Ye,Ye,Fan
Meng,Meng,Meng,Meng
Quoc Hung,Le,Le,Quoc Hung
Branimir,Anic,Anic,Branimir
Iria,Francisco,Francisco,Iria
Bastien,Castagneyrol,Castagneyrol,Bastien
Yosr,Hicheri,Hicheri,Yosr
Teng,Teng,Teng,Teng
Gerard,Remy,Remy,Gerard
Damien,Viglino,Viglino,Damien
Denis,Bertrand,Bertrand,Denis
Sene,Damien,Damien,Sene
Michel,Wassef,Wassef,Michel
Kaoutar,Jidar,Jidar,Kaoutar
Channa,Mey,Mey,Channa
Heng,Sothy,Sothy,Heng
Kontar,Loay,Loay,Kontar
Nayir,Ahmet,Ahmet,Nayir
Nasr,Bahaa,Bahaa,Nasr
Bougaci,Nassim,Nassim,Bougaci
Rabeyrin,Maud,Maud,Rabeyrin
Joannes Boyau,Olivier,Olivier,Joannes Boyau
Hoang Nam,Bui,Bui,Hoang Nam
Pascal,Cassan,Cassan,Pascal
Jadranka,Kelecic,Kelecic,Jadranka
Issa,Nahema,Nahema,Issa
Edwige,Lemoisson,Lemoisson,Edwige
Philippe,Icard,Icard,Philippe
Icard,Philippe,Philippe,Icard
Xiao Dong,Zhang,Zhang,Xiao Dong
Zhang,Xiao Dong,Xiao Dong,Zhang
Lemoisson,Edwige,Edwige,Lemoisson
Louis,Marie Helene,Marie Helene,Louis
Allouche,Stephane,Stephane,Allouche
Lincet,Hubert,Hubert,Lincet
Poulain,Laurent,Laurent,Poulain
Lairon,Denis,Denis,Lairon
Laredo,Jean Denis,Jean Denis,Laredo
Jego,Patrick,Patrick,Jego
Walid,Oulehri,Oulehri,Walid
Nicole,Nicole,Nicole,Nicole
Kevin,Duarte,Duarte,Kevin
Valeyre,Dominique,Dominique,Valeyre
Vincent,Michel,Michel,Vincent
Alexis,Ruffault,Ruffault,Alexis
Neven,Benedicte,Benedicte,Neven
Robert,Herve,Herve,Robert
Sakoba,Keita,Keita,Sakoba
Christine,Rotonda,Rotonda,Christine
Fang,Fang,Fang,Fang
Gharbi,Tijani,Tijani,Gharbi
Nguyen,Viet Nhung,Viet Nhung,Nguyen
Jidar,Kaoutar,Kaoutar,Jidar
Michel,Francoise,Francoise,Michel
Nan,Yang,Yang,Nan
Zureik,Mahmoud,Mahmoud,Zureik
Badre,Wafaa,Wafaa,Badre
Hong,Yang,Yang,Hong
Lin,Gan,Gan,Lin
Gauthier,Pean de Ponfilly,Pean de Ponfilly,Gauthier
Michael,Theisen,Theisen,Michael
Vinh,Vu Hai,Vu Hai,Vinh
Kuntaman,Kuntaman,Kuntaman,Kuntaman
Remy,Michel,Michel,Remy
Kinda,Moumouni,Moumouni,Kinda
Calvas,Patrick,Patrick,Calvas
Manfredi,Sylvain,Sylvain,Manfredi
Cassan,Pascal,Pascal,Cassan
Le Bailly,Matthieu,Matthieu,Le Bailly
Le,Quoc Hung,Quoc Hung,Le
Michal,Michal,Michal,Michal
Adeola,Fowotade,Fowotade,Adeola
Richard,Aziza,Aziza,Richard
Elias,Elias,Elias,Elias
Mwiya,Mwiya,Mwiya,Mwiya
Malou,Navez,Navez,Malou
Thomas,Alix,Alix,Thomas
Catherine,Massoubre,Massoubre,Catherine
Alix,Thomas,Thomas,Alix
Jacques,Jean Francois,Jean Francois,Jacques
Thierry,Passeron,Passeron,Thierry
Rousseau,Clotilde,Clotilde,Rousseau
Chantal,Chantal,Chantal,Chantal
Bui,Hoang Nam,Hoang Nam,Bui
Hilbert,Gilles,Gilles,Hilbert
Gilles,Hilbert,Hilbert,Gilles
Christelle,Cantet,Cantet,Christelle
Laurent,Jacques,Jacques,Laurent
Bulois,Philippe,Philippe,Bulois
Verpont,Marie Christine,Marie Christine,Verpont
Marie Christine,Verpont,Verpont,Marie Christine
Htay,Htay,Htay,Htay
Dominique,Tripodi,Tripodi,Dominique
Denis,Bernard,Bernard,Denis
Fantin,Bruno,Bruno,Fantin
Clemence,Richaud,Richaud,Clemence
Jin,Jing,Jing,Jin
Jocelyne,Maurizi,Maurizi,Jocelyne
Nicolas,Philippe,Philippe,Nicolas
Julian,Boutin,Boutin,Julian
Bawarjan,Schatlo,Schatlo,Bawarjan
Jeanne,Marion,Marion,Jeanne
Ben Rejeb,Houda,Houda,Ben Rejeb
Vergier,Beatrice,Beatrice,Vergier
Feldis,Matthieu,Matthieu,Feldis
Louis,Toty,Toty,Louis
Toty,Louis,Louis,Toty
Olivier,Nohra,Nohra,Olivier
Nohra,Olivier,Olivier,Nohra
Beylot Barry,Marie,Marie,Beylot Barry
Gros,Audrey,Audrey,Gros
Parrens,Marie,Marie,Parrens
Yang,Zhou,Zhou,Yang
Vogel,Arndt,Arndt,Vogel
Waidmann,Oliver,Oliver,Waidmann
Alvino,Bisecco,Bisecco,Alvino
Lambert,Mijola,Mijola,Lambert
Catherine,Dhiver,Dhiver,Catherine
Ramos Casals,Manuel,Manuel,Ramos Casals
Brito Zeron,Pilar,Pilar,Brito Zeron
Seror,Raphaele,Raphaele,Seror
Bootsma,Hendrika,Hendrika,Bootsma
Bowman,Simon J,Simon J,Bowman
Theander,Elke,Elke,Theander
Bombardieri,Stefano,Stefano,Bombardieri
De Vita,Salvatore,Salvatore,De Vita
Mandl,Thomas,Thomas,Mandl
Ng,Wan Fai,Wan Fai,Ng
Vitali,Claudio,Claudio,Vitali
Luc,Mathieu,Mathieu,Luc
Bernard,Louis,Louis,Bernard
Amour,Julien,Julien,Amour
Nicolas,Balmes,Balmes,Nicolas
Josselin,Vincent,Vincent,Josselin
Calmus,Yvon,Yvon,Calmus
Salhi,Hayet,Hayet,Salhi
Pean de Ponfilly,Gauthier,Gauthier,Pean de Ponfilly
Le Monnier,Alban,Alban,Le Monnier
Zhu,Zhu,Zhu,Zhu
Bellissen,Astrid,Astrid,Bellissen
Pan,Juncheng,Juncheng,Pan
Juncheng,Pan,Pan,Juncheng
Cavaille,Guilhem,Guilhem,Cavaille
Druesne,Laurent,Laurent,Druesne
Gandon Laloum,Sylvie,Sylvie,Gandon Laloum
Philippe,Valentin,Valentin,Philippe
Mar,Mar,Mar,Mar
Ajana,Faiza,Faiza,Ajana
Jerome,Delambre,Delambre,Jerome
Nicolas,Dupuys,Dupuys,Nicolas
Dupuys,Nicolas,Nicolas,Dupuys
Delambre,Jerome,Jerome,Delambre
Isaac,Guissou,Guissou,Isaac
Guissou,Isaac,Isaac,Guissou
Poignard,Alexandre,Alexandre,Poignard
Allain,Jerome,Jerome,Allain
Beatrice,Lietar,Lietar,Beatrice
Hatim,Hassan,Hassan,Hatim
Hassan,Hatim,Hatim,Hassan
Schatlo,Bawarjan,Bawarjan,Schatlo
Vu Hai,Vinh,Vinh,Vu Hai
Pham Minh,Khue,Khue,Pham Minh
Candellier,Alexandre,Alexandre,Candellier
Lamy,Olivier,Olivier,Lamy
Simone,Savastano,Savastano,Simone
Didier,Chevenne,Chevenne,Didier
Yuan,Yuan,Yuan,Yuan
Parola,Philippe,Philippe,Parola
Sanhes,Laurence,Laurence,Sanhes
Viola,Baione,Baione,Viola
Mancini,Julien,Julien,Mancini
Bruno,Clement,Clement,Bruno
Nadal Desbarats,Lydie,Lydie,Nadal Desbarats
Jean Charles,Cartier,Cartier,Jean Charles
Valentin,Philippe,Philippe,Valentin
Giuseppe,Micali,Micali,Giuseppe
Gwenael,Raoul,Raoul,Gwenael
Gatault,Philippe,Philippe,Gatault
Jollet,Isabelle,Isabelle,Jollet
Paintaud,Gilles,Gilles,Paintaud
Magdelaine,Charlotte,Charlotte,Magdelaine
Bridoux,Franck,Franck,Bridoux
Lebranchu,Yvon,Yvon,Lebranchu
Buchler,Matthias,Matthias,Buchler
Touchard,Guy,Guy,Touchard
Clavelou,Pierre,Pierre,Clavelou
Masouridi Levrat,Stavroula,Stavroula,Masouridi Levrat
Laurent,Guy,Guy,Laurent
Defo,Defo,Defo,Defo
Udry,Sebastian,Sebastian,Udry
Odent,Sylvie,Sylvie,Odent
Poulain,Patrice,Patrice,Poulain
Vincent,Thierry,Thierry,Vincent
Mohseni Zadeh,Mahsa,Mahsa,Mohseni Zadeh
Quentin,Hurlot,Hurlot,Quentin
Dartigeas,Caroline,Caroline,Dartigeas
Baron,Murray,Murray,Baron
Fawaz,Fawaz,Fawaz,Fawaz
Ingrid,Terreehorst,Terreehorst,Ingrid
Badreddine,Sriha,Sriha,Badreddine
Bach,Benoit,Benoit,Bach
Brigitte,Landeau,Landeau,Brigitte
Fohlen,Audrey,Audrey,Fohlen
Grouin,Jean Marie,Jean Marie,Grouin
Vincent,Josselin,Josselin,Vincent
Francois,Philippe,Philippe,Francois
Tin Tin Htar,Myint,Myint,Tin Tin Htar
Myint,Tin Tin Htar,Tin Tin Htar,Myint
Veronique,Equy,Equy,Veronique
Agrinier,Nelly,Nelly,Agrinier
Bailly,Florian,Florian,Bailly
Gossec,Laure,Laure,Gossec
Assi,Assi,Assi,Assi
Bamia,Christina,Christina,Bamia
Remy,Gerard,Gerard,Remy
Carmoi,Thierry,Thierry,Carmoi
Lu,Devy,Devy,Lu
Qian,Xu,Xu,Qian
Alassane,Seydou,Seydou,Alassane
Benaim,Charles,Charles,Benaim
Claudia,Lomater,Lomater,Claudia
Jacques,Laurent,Laurent,Jacques
Ye,Fan,Fan,Ye
Laurent,Jacquin,Jacquin,Laurent
Christophe,Vanhecke,Vanhecke,Christophe
Castagneyrol,Bastien,Bastien,Castagneyrol
De Lagausie,Pascal,Pascal,De Lagausie
Bakhos,David,David,Bakhos
Nicolas,Benoit,Benoit,Nicolas
Rabhi,Mokded,Mokded,Rabhi
Dhiver,Catherine,Catherine,Dhiver
Ravaux,Isabelle,Isabelle,Ravaux
Tomei,Christelle,Christelle,Tomei
Garant,Dany,Dany,Garant
Bernatchez,Louis,Louis,Bernatchez
Mokded,Rabhi,Rabhi,Mokded
Na,Na,Na,Na
Ahouah,Mathieu,Mathieu,Ahouah
Claire,Billault,Billault,Claire
Marion,Jeanne,Jeanne,Marion
Zhang,Luo,Luo,Zhang
Yi,Fan,Fan,Yi
Xu,Qian,Qian,Xu
Ivanka,Krznaric,Krznaric,Ivanka
Saidlitz,Pascal,Pascal,Saidlitz
Laurent,Druesne,Druesne,Laurent
Janssen,Cecile,Cecile,Janssen
Mathieu,Ahouah,Ahouah,Mathieu
Marco,Falcone,Falcone,Marco
Pierre,Clavelou,Clavelou,Pierre
Ahmet,Nayir,Nayir,Ahmet
Audrey,Fohlen,Fohlen,Audrey
Nawal,Benabdellah,Benabdellah,Nawal
Benabdellah,Nawal,Nawal,Benabdellah
Abadjian,Gerard,Gerard,Abadjian
Raoul,Gwenael,Gwenael,Raoul
Hayet,Salhi,Salhi,Hayet
Charles,Benaim,Benaim,Charles
Romain,Carcy,Carcy,Romain
Billault,Claire,Claire,Billault
Nahema,Issa,Issa,Nahema
Theisen,Michael,Michael,Theisen
Roma,Chilengi,Chilengi,Roma
Chilengi,Roma,Roma,Chilengi
Federico,Torre,Torre,Federico
Stacoffe,Nicolas,Nicolas,Stacoffe
Torre,Federico,Federico,Torre
Hauger,Olivier,Olivier,Hauger
Benoit,Laurent,Laurent,Benoit
Beaugerie,Laurent,Laurent,Beaugerie
Wislez,Marie,Marie,Wislez
Oulehri,Walid,Walid,Oulehri
Ganster,Frederique,Frederique,Ganster
Julien,Gauthier,Gauthier,Julien
Herve,Robert,Robert,Herve
Dubourg,Gregory,Gregory,Dubourg
Nassim,Bougaci,Bougaci,Nassim
Toumi,Hechmi,Hechmi,Toumi
Clement,Bruno,Bruno,Clement
Berard,Eleonore,Eleonore,Berard
Rempenault,Claire,Claire,Rempenault
Patrice,Poulain,Poulain,Patrice
Unal,Serhat,Serhat,Unal
Pilar,Brito Zeron,Brito Zeron,Pilar
Bastien,Olivier,Olivier,Bastien
D' Amato,Thierry,Thierry,D' Amato
Saison,Julien,Julien,Saison
Serge,Molliex,Molliex,Serge
Viens,Patrice,Patrice,Viens
David,Philippe,Philippe,David
Benoit,Vincent,Vincent,Benoit
Fan,Fan,Fan,Fan
Jan,Philippe,Philippe,Jan
Laroche,Davy,Davy,Laroche
Le Pendu,Claire,Claire,Le Pendu
Vincent,Francois,Francois,Vincent
Vieillard,Marie Helene,Marie Helene,Vieillard
Devos,Patrick,Patrick,Devos
Gras,Louis,Louis,Gras
Assaker,Richard,Richard,Assaker
Keita,Sakoba,Sakoba,Keita
Vanhecke,Christophe,Christophe,Vanhecke
Alexandre,Joachim,Joachim,Alexandre
Duarte,Kevin,Kevin,Duarte
Chenaf,Chouki,Chouki,Chenaf
Chevenne,Didier,Didier,Chevenne
Hamidou,Falalou,Falalou,Hamidou
Aymeric,Andre,Andre,Aymeric
Valery,Antoine,Antoine,Valery
Christian,Lovis,Lovis,Christian
Lazareth,Isabelle,Isabelle,Lazareth
Colboc,Hester,Hester,Colboc
Andre,Aymeric,Aymeric,Andre
Florence,Loubes Lacroix,Loubes Lacroix,Florence
Loubes Lacroix,Florence,Florence,Loubes Lacroix
Bamourou,Diane,Diane,Bamourou
Cantet,Christelle,Christelle,Cantet
Anic,Branimir,Branimir,Anic
Tae Jong,Kim,Kim,Tae Jong
Brice,Kitio,Kitio,Brice
Qian,Lu,Lu,Qian
Gan,Lin,Lin,Gan
Nicolas,Pierre,Pierre,Nicolas
Moumouni,Kinda,Kinda,Moumouni
Carla,Lombardo,Lombardo,Carla
Isabelle,Fayolle Minon,Fayolle Minon,Isabelle
Marco,Salvetti,Salvetti,Marco
Landeau,Brigitte,Brigitte,Landeau
Thibault,Michel,Michel,Thibault
Ju,Wen,Wen,Ju
Wen,Ju,Ju,Wen
Lucia,Piernatale,Piernatale,Lucia
Piernatale,Lucia,Lucia,Piernatale
Xiaobai,Li,Li,Xiaobai
Renato,Docimo,Docimo,Renato
Leonardo,Sinisi,Sinisi,Leonardo
Aurora,Zanghi,Zanghi,Aurora
Bisecco,Alvino,Alvino,Bisecco
Fornasiero,Arianna,Arianna,Fornasiero
Bianco,Assunta,Assunta,Bianco
Cortese,Antonio,Antonio,Cortese
Mataluni,Giorgia,Giorgia,Mataluni
Sinisi,Leonardo,Leonardo,Sinisi
Docimo,Renato,Renato,Docimo
Mirabella,Massimiliano,Massimiliano,Mirabella
Zanghi,Aurora,Aurora,Zanghi
Salvetti,Marco,Marco,Salvetti
Baione,Viola,Viola,Baione
Sibilia,Grazia,Grazia,Sibilia
Scarano,Valentina,Valentina,Scarano
Orlando,Davide,Davide,Orlando
Stabile,Giovanni,Giovanni,Stabile
Tedeschi,Gioacchino,Gioacchino,Tedeschi
Gioacchino,Tedeschi,Tedeschi,Gioacchino
Li,Xiaobai,Xiaobai,Li
Arianna,Fornasiero,Fornasiero,Arianna
Grazia,Sibilia,Sibilia,Grazia
Valentina,Scarano,Scarano,Valentina
Davide,Orlando,Orlando,Davide
Giovanni,Stabile,Stabile,Giovanni
Mokni,Mourad,Mourad,Mokni
Kchir,Nidhameddine,Nidhameddine,Kchir
Elske,Quak,Quak,Elske
Delaumenie,Stephanie,Stephanie,Delaumenie
Bourgaux,Marion,Marion,Bourgaux
Seneschal,Julien,Julien,Seneschal
Bedane,Christophe,Christophe,Bedane
Bedane,Christophe,Christophe,Bedane
Falcone,Marco,Marco,Falcone
Matthieu,Feldis,Feldis,Matthieu
Bise,Sylvain,Sylvain,Bise
Watier,Laurence,Laurence,Watier
Lovis,Christian,Christian,Lovis
Zhou,Yang,Yang,Zhou
Yang,Hong,Hong,Yang
Deng,Lei,Lei,Deng
Debatosh,Das,Das,Debatosh
Yang,Nan,Nan,Yang
Lu,Qian,Qian,Lu
Han,Han,Han,Han
Das,Debatosh,Debatosh,Das
Lei,Deng,Deng,Lei
Suzuki,Taiki,Taiki,Suzuki
Taiki,Suzuki,Suzuki,Taiki
Marouene,Chakroun,Chakroun,Marouene
Haroun,Ayed,Ayed,Haroun
Julia,Zelie,Zelie,Julia
Seybou,Hassane,Hassane,Seybou
Hassane,Seybou,Seybou,Hassane
Chikwe,Ihekweazu,Ihekweazu,Chikwe
Ingiliz,Patrick,Patrick,Ingiliz
Krznaric,Ivanka,Ivanka,Krznaric
Obermeier,Martin,Martin,Obermeier
Smiti Khanfir,Monia,Monia,Smiti Khanfir
Kitio,Brice,Brice,Kitio
Fahafahantsoa,Rapelanoro Rabenja,Rapelanoro Rabenja,Fahafahantsoa
Miladi,Saoussen,Saoussen,Miladi
Ouenniche,Kmar,Kmar,Ouenniche
Zeglaoui,Faten,Faten,Zeglaoui
Savastano,Simone,Simone,Savastano
Catalano,Concetta,Concetta,Catalano
Sriha,Badreddine,Badreddine,Sriha
Sothy,Heng,Heng,Sothy
Laurent,Beaugerie,Beaugerie,Laurent
Rapelanoro Rabenja,Fahafahantsoa,Fahafahantsoa,Rapelanoro Rabenja
